Model,Accuracy,Precision,Recall,F1 Score
Naive Bayes,0.905,1.0,0.7978723404255319,0.8875739644970414
GPT,1.0,1.0,1.0,1.0
